[
    {
        "nome": "emanoel",
        "email": "emanoelribeiro.ifc@gmail.com",
        "usuario": "adm",
        "senha": "$2y$10$08MnoA8dK9uxT2hhds2IJOWS70\/tpUTC4JdZWXbffdvmLVY2zP.ra"
    },
    {
        "nome": "emanoel",
        "email": "emanoelribeiro.ifc@gmail.com",
        "usuario": "adm",
        "senha": "$2y$10$XYORFBpGk3l0oa0sCdL0eODdxBtFcE2q4iN0\/RHOsj4\/\/A1JIi.N2"
    },
    {
        "nome": "emanoel",
        "email": "emanoelribeiro.ifc@gmail.com",
        "usuario": "adm",
        "senha": "$2y$10$gEtBxdzPGiOX5gJbWdHA6.yWR2eqN\/yYqnIqyUQ1tOf8MFw.g0YaS"
    },
    {
        "nome": "emanoel",
        "email": "emanoelribeiro.ifc@gmail.com",
        "usuario": "adm",
        "senha": "$2y$10$mnuFCroLO9yki5.qEDotI.FaU2vKaeiJyY7Yfrs4ujxKPRlIDI4hG"
    },
    {
        "nome": "emanoel",
        "email": "emanoelribeiro.ifc@gmail.com",
        "usuario": "adm",
        "senha": "$2y$10$Ei1Jrx2Nl8XFeGSX4eJznemcxhNfTvfrj6dAFw7qwJ4FAbgsj9wfe"
    },
    {
        "nome": "emanoel",
        "email": "emanoelribeiro.ifc@gmail.com",
        "usuario": "adm",
        "senha": "$2y$10$TCJLOs5Dw3Doa1LX9DT1aOT5ZhEAljcV.JyDWeY8Gn6n0xyLA1KR6"
    },
    {
        "nome": "emanoel",
        "email": "emanoelribeiro.ifc@gmail.com",
        "usuario": "adm",
        "senha": "$2y$10$y3KUavFXG9Jn\/4sCoSUgiuHBoKY9Xw.JbMBxauQdJKtOEkbHtelVS"
    },
    {
        "nome": "emanoel",
        "email": "emanoelribeiro.ifc@gmail.com",
        "usuario": "adm",
        "senha": "$2y$10$slYDh9B3p05fsnd0RSo9wuKo\/oucmaPbxG4heZJjPvX0C\/eF9W7Bu"
    },
    {
        "nome": "emanoel",
        "email": "emanoelribeiro.ifc@gmail.com",
        "usuario": "adm",
        "senha": "$2y$10$cVTU7LPB6HR9paxgvd38POCRuw2DEDVC5Nv17MCHXFZtZ17bC6fB6"
    },
    {
        "nome": "emanoel",
        "email": "emanoelribeiro.ifc@gmail.com",
        "usuario": "adm",
        "senha": "$2y$10$odWC1LYMnkFW.4I\/wmReYua5x8WfCD7O\/7NhptAaVAF5mQwWuk60."
    },
    {
        "nome": "emanoel",
        "email": "emanoelribeiro.ifc@gmail.com",
        "usuario": "adm",
        "senha": "$2y$10$4ZxR3c4t2ITJGVh39iFkI.nNvpiHQNPdVZRKHZPidq7nDQq5WZt0y"
    },
    {
        "nome": "emanoel",
        "email": "emanoelribeiro.ifc@gmail.com",
        "usuario": "adm",
        "senha": "$2y$10$\/axbuIi8aHrYG2FoyZIT4ujL1lhPB4bxE5zmHljpUJXGn0sEzVGhi"
    },
    {
        "nome": "emanoel",
        "email": "emanoelribeiro.ifc@gmail.com",
        "usuario": "adm",
        "senha": "$2y$10$4HsVleSInfXxNYEu9DzIpO8Q9QiiS0L75.WMjJHhM9j0WDeI3c3s2"
    },
    {
        "nome": "emanoel",
        "email": "emanoelribeiro.ifc@gmail.com",
        "usuario": "adm",
        "senha": "$2y$10$veFPE287DuxITweIcFtLTO1M00mmJwzb2ovbKFbkKfQ\/fAXDKU2um"
    },
    {
        "nome": "emanoel",
        "email": "emanoelribeiro.ifc@gmail.com",
        "usuario": "adm",
        "senha": "$2y$10$BoYDi.OCSwfcVSJNYfxDuO\/dilkm0R1yo7uRy\/lG3eIdfTlUH0LyK"
    },
    {
        "nome": "emanoel",
        "email": "emanoelribeiro.ifc@gmail.com",
        "usuario": "adm",
        "senha": "$2y$10$sY6wDHPMgrsD9MS\/sj3Dh.E44b9LJifw7c8hyO91nIg0cJYU15pQy"
    },
    {
        "nome": "emanoel",
        "email": "emanoelribeiro.ifc@gmail.com",
        "usuario": "adm",
        "senha": "$2y$10$ZJrcjSmksftF3aP3j\/XlUerh6eGEJMd.VguUwJZ88ecJTP309Q8jm"
    },
    {
        "nome": "emanoel",
        "email": "emanoelribeiro.ifc@gmail.com",
        "usuario": "adm",
        "senha": "$2y$10$PoZFabQO\/WRLaXMi4gVjceHVrseRLLd3EH9tDzjOeGAuoM10QpjQq"
    },
    {
        "nome": "emanoel",
        "email": "emanoelribeiro.ifc@gmail.com",
        "usuario": "adm",
        "senha": "$2y$10$fR7.2UTraX4UUqcyvv4xTeDzJgomagj0oxh3CadG7UklM3e5PQH1O"
    },
    {
        "nome": "emanoel",
        "email": "emanoelribeiro.ifc@gmail.com",
        "usuario": "adm",
        "senha": "$2y$10$.puGadjbEEdloQxptaMCcOhi7.j2cMb\/wrWmfRUEGfNBa9OtZtd8a"
    },
    {
        "nome": "emanoel",
        "email": "emanoelribeiro.ifc@gmail.com",
        "usuario": "adm",
        "senha": "$2y$10$Yt8iDDOwxAe3\/R09mwHyX.pivt0Sms9QNWpfFyH9R3MJedalpSkY6"
    },
    {
        "nome": "emanoel",
        "email": "emanoelribeiro.ifc@gmail.com",
        "usuario": "adm",
        "senha": "$2y$10$6MHaveLZRhKV9lvXy6U5den0KRkKVa9FwOdOBL2.SzwY9aampEItO"
    },
    {
        "nome": "emanoel",
        "email": "emanoelribeiro.ifc@gmail.com",
        "usuario": "adm",
        "senha": "$2y$10$RYblzWHGLB3UThfhgucI5O6JlX\/HqSmMNpn2\/CLZgYSsTXAsTGfN2"
    },
    {
        "nome": "emanoel",
        "email": "emanoelribeiro.ifc@gmail.com",
        "usuario": "adm",
        "senha": "$2y$10$aTX\/zuRpdTHzRwbUWEyKJOj8IaBrSB03UKVnz\/Hyb1EyfiSGql5vW"
    },
    {
        "nome": "emanoel",
        "email": "emanoelribeiro.ifc@gmail.com",
        "usuario": "adm",
        "senha": "$2y$10$Q0X45lVD\/PAseqos30.fUOQMpl\/gS.opG0dLFdXOogHlflrxYmfEW"
    },
    {
        "nome": "emanoel",
        "email": "emanoelribeiro.ifc@gmail.com",
        "usuario": "adm",
        "senha": "$2y$10$oNzejLr7xaodt.sEFfhxYOxqmoA.7R342is1fcRFHVAVs5bry9zJW"
    },
    {
        "nome": "emanoel",
        "email": "emanoelribeiro.ifc@gmail.com",
        "usuario": "adm",
        "senha": "$2y$10$NsmirPthTPdwbpXRuwck3eaVKTWC3yKL92a3k7cvGYIGfqz1ucu4O"
    },
    {
        "nome": "emanoel",
        "email": "emanoelribeiro.ifc@gmail.com",
        "usuario": "adm",
        "senha": "$2y$10$kMDc7i9p.pFIig.i3Wzhleyszn\/Wmi7uRSN5ehtdWwZP77c7o.\/3G"
    }
]